feature_mode	variant	seed	view	weight
masked	merged_svd	1234	merged_svd	1.0
masked	single__generic_interaction	1234	generic_interaction	1.0
masked	single__ligand_receptor	1234	ligand_receptor	1.0
masked	single__metabolic_crosstalk	1234	metabolic_crosstalk	1.0
masked	single__sm_topology_axis	1234	sm_topology_axis	1.0
masked	single__go_prior	1234	go_prior	1.0
masked	single__msigdb_prior	1234	msigdb_prior	1.0
masked	uniform_multiview	1234	generic_interaction	0.1666666716337204
masked	uniform_multiview	1234	ligand_receptor	0.1666666716337204
masked	uniform_multiview	1234	metabolic_crosstalk	0.1666666716337204
masked	uniform_multiview	1234	sm_topology_axis	0.1666666716337204
masked	uniform_multiview	1234	go_prior	0.1666666716337204
masked	uniform_multiview	1234	msigdb_prior	0.1666666716337204
masked	learned_multiview	1234	generic_interaction	0.17351749539375305
masked	learned_multiview	1234	ligand_receptor	0.15966646373271942
masked	learned_multiview	1234	metabolic_crosstalk	0.15337629616260529
masked	learned_multiview	1234	sm_topology_axis	0.16888168454170227
masked	learned_multiview	1234	go_prior	0.17010051012039185
masked	learned_multiview	1234	msigdb_prior	0.17445755004882812
masked	leave_out__generic_interaction	1234	ligand_receptor	0.19122348725795746
masked	leave_out__generic_interaction	1234	metabolic_crosstalk	0.1847977191209793
masked	leave_out__generic_interaction	1234	sm_topology_axis	0.19936634600162506
masked	leave_out__generic_interaction	1234	go_prior	0.20838859677314758
masked	leave_out__generic_interaction	1234	msigdb_prior	0.21622386574745178
masked	leave_out__ligand_receptor	1234	generic_interaction	0.20714397728443146
masked	leave_out__ligand_receptor	1234	metabolic_crosstalk	0.18401280045509338
masked	leave_out__ligand_receptor	1234	sm_topology_axis	0.20057381689548492
masked	leave_out__ligand_receptor	1234	go_prior	0.19920802116394043
masked	leave_out__ligand_receptor	1234	msigdb_prior	0.20906135439872742
masked	leave_out__metabolic_crosstalk	1234	generic_interaction	0.2064158022403717
masked	leave_out__metabolic_crosstalk	1234	ligand_receptor	0.18573401868343353
masked	leave_out__metabolic_crosstalk	1234	sm_topology_axis	0.19628919661045074
masked	leave_out__metabolic_crosstalk	1234	go_prior	0.20341335237026215
masked	leave_out__metabolic_crosstalk	1234	msigdb_prior	0.20814764499664307
masked	leave_out__sm_topology_axis	1234	generic_interaction	0.205922931432724
masked	leave_out__sm_topology_axis	1234	ligand_receptor	0.1906331181526184
masked	leave_out__sm_topology_axis	1234	metabolic_crosstalk	0.18482357263565063
masked	leave_out__sm_topology_axis	1234	go_prior	0.20407764613628387
masked	leave_out__sm_topology_axis	1234	msigdb_prior	0.2145427167415619
masked	leave_out__go_prior	1234	generic_interaction	0.2090556025505066
masked	leave_out__go_prior	1234	ligand_receptor	0.1920192837715149
masked	leave_out__go_prior	1234	metabolic_crosstalk	0.18467873334884644
masked	leave_out__go_prior	1234	sm_topology_axis	0.2011583298444748
masked	leave_out__go_prior	1234	msigdb_prior	0.2130880057811737
masked	leave_out__msigdb_prior	1234	generic_interaction	0.21387013792991638
masked	leave_out__msigdb_prior	1234	ligand_receptor	0.19231624901294708
masked	leave_out__msigdb_prior	1234	metabolic_crosstalk	0.1816689521074295
masked	leave_out__msigdb_prior	1234	sm_topology_axis	0.20381247997283936
masked	leave_out__msigdb_prior	1234	go_prior	0.2083320915699005
masked	merged_svd	2345	merged_svd	1.0
masked	single__generic_interaction	2345	generic_interaction	1.0
masked	single__ligand_receptor	2345	ligand_receptor	1.0
masked	single__metabolic_crosstalk	2345	metabolic_crosstalk	1.0
masked	single__sm_topology_axis	2345	sm_topology_axis	1.0
masked	single__go_prior	2345	go_prior	1.0
masked	single__msigdb_prior	2345	msigdb_prior	1.0
masked	uniform_multiview	2345	generic_interaction	0.1666666716337204
masked	uniform_multiview	2345	ligand_receptor	0.1666666716337204
masked	uniform_multiview	2345	metabolic_crosstalk	0.1666666716337204
masked	uniform_multiview	2345	sm_topology_axis	0.1666666716337204
masked	uniform_multiview	2345	go_prior	0.1666666716337204
masked	uniform_multiview	2345	msigdb_prior	0.1666666716337204
masked	learned_multiview	2345	generic_interaction	0.16828016936779022
masked	learned_multiview	2345	ligand_receptor	0.15458521246910095
masked	learned_multiview	2345	metabolic_crosstalk	0.1427174061536789
masked	learned_multiview	2345	sm_topology_axis	0.1690044105052948
masked	learned_multiview	2345	go_prior	0.18477565050125122
masked	learned_multiview	2345	msigdb_prior	0.1806371510028839
masked	leave_out__generic_interaction	2345	ligand_receptor	0.171153262257576
masked	leave_out__generic_interaction	2345	metabolic_crosstalk	0.16282154619693756
masked	leave_out__generic_interaction	2345	sm_topology_axis	0.20771606266498566
masked	leave_out__generic_interaction	2345	go_prior	0.22317533195018768
masked	leave_out__generic_interaction	2345	msigdb_prior	0.23513385653495789
masked	leave_out__ligand_receptor	2345	generic_interaction	0.19882813096046448
masked	leave_out__ligand_receptor	2345	metabolic_crosstalk	0.16211819648742676
masked	leave_out__ligand_receptor	2345	sm_topology_axis	0.20588824152946472
masked	leave_out__ligand_receptor	2345	go_prior	0.2133302241563797
masked	leave_out__ligand_receptor	2345	msigdb_prior	0.21983513236045837
masked	leave_out__metabolic_crosstalk	2345	generic_interaction	0.20295217633247375
masked	leave_out__metabolic_crosstalk	2345	ligand_receptor	0.180364727973938
masked	leave_out__metabolic_crosstalk	2345	sm_topology_axis	0.19757191836833954
masked	leave_out__metabolic_crosstalk	2345	go_prior	0.21210655570030212
masked	leave_out__metabolic_crosstalk	2345	msigdb_prior	0.2070046067237854
masked	leave_out__sm_topology_axis	2345	generic_interaction	0.2027539163827896
masked	leave_out__sm_topology_axis	2345	ligand_receptor	0.18795421719551086
masked	leave_out__sm_topology_axis	2345	metabolic_crosstalk	0.18275105953216553
masked	leave_out__sm_topology_axis	2345	go_prior	0.21056769788265228
masked	leave_out__sm_topology_axis	2345	msigdb_prior	0.21597303450107574
masked	leave_out__go_prior	2345	generic_interaction	0.20756709575653076
masked	leave_out__go_prior	2345	ligand_receptor	0.18920014798641205
masked	leave_out__go_prior	2345	metabolic_crosstalk	0.17963442206382751
masked	leave_out__go_prior	2345	sm_topology_axis	0.20120221376419067
masked	leave_out__go_prior	2345	msigdb_prior	0.22239606082439423
masked	leave_out__msigdb_prior	2345	generic_interaction	0.21408711373806
masked	leave_out__msigdb_prior	2345	ligand_receptor	0.1864011287689209
masked	leave_out__msigdb_prior	2345	metabolic_crosstalk	0.1691202074289322
masked	leave_out__msigdb_prior	2345	sm_topology_axis	0.2054881751537323
masked	leave_out__msigdb_prior	2345	go_prior	0.2249034196138382
masked	merged_svd	3456	merged_svd	1.0
masked	single__generic_interaction	3456	generic_interaction	1.0
masked	single__ligand_receptor	3456	ligand_receptor	1.0
masked	single__metabolic_crosstalk	3456	metabolic_crosstalk	1.0
masked	single__sm_topology_axis	3456	sm_topology_axis	1.0
masked	single__go_prior	3456	go_prior	1.0
masked	single__msigdb_prior	3456	msigdb_prior	1.0
masked	uniform_multiview	3456	generic_interaction	0.1666666716337204
masked	uniform_multiview	3456	ligand_receptor	0.1666666716337204
masked	uniform_multiview	3456	metabolic_crosstalk	0.1666666716337204
masked	uniform_multiview	3456	sm_topology_axis	0.1666666716337204
masked	uniform_multiview	3456	go_prior	0.1666666716337204
masked	uniform_multiview	3456	msigdb_prior	0.1666666716337204
masked	learned_multiview	3456	generic_interaction	0.1709730178117752
masked	learned_multiview	3456	ligand_receptor	0.15613573789596558
masked	learned_multiview	3456	metabolic_crosstalk	0.1439589262008667
masked	learned_multiview	3456	sm_topology_axis	0.1660158783197403
masked	learned_multiview	3456	go_prior	0.17687340080738068
masked	learned_multiview	3456	msigdb_prior	0.18604306876659393
masked	leave_out__generic_interaction	3456	ligand_receptor	0.18365149199962616
masked	leave_out__generic_interaction	3456	metabolic_crosstalk	0.175124391913414
masked	leave_out__generic_interaction	3456	sm_topology_axis	0.20369474589824677
masked	leave_out__generic_interaction	3456	go_prior	0.2139071822166443
masked	leave_out__generic_interaction	3456	msigdb_prior	0.2236221730709076
masked	leave_out__ligand_receptor	3456	generic_interaction	0.2038162648677826
masked	leave_out__ligand_receptor	3456	metabolic_crosstalk	0.17344079911708832
masked	leave_out__ligand_receptor	3456	sm_topology_axis	0.19520704448223114
masked	leave_out__ligand_receptor	3456	go_prior	0.20568643510341644
masked	leave_out__ligand_receptor	3456	msigdb_prior	0.22184953093528748
masked	leave_out__metabolic_crosstalk	3456	generic_interaction	0.2013416886329651
masked	leave_out__metabolic_crosstalk	3456	ligand_receptor	0.18535760045051575
masked	leave_out__metabolic_crosstalk	3456	sm_topology_axis	0.19421005249023438
masked	leave_out__metabolic_crosstalk	3456	go_prior	0.20754028856754303
masked	leave_out__metabolic_crosstalk	3456	msigdb_prior	0.21155035495758057
masked	leave_out__sm_topology_axis	3456	generic_interaction	0.20568695664405823
masked	leave_out__sm_topology_axis	3456	ligand_receptor	0.1807309240102768
masked	leave_out__sm_topology_axis	3456	metabolic_crosstalk	0.17571815848350525
masked	leave_out__sm_topology_axis	3456	go_prior	0.2160782665014267
masked	leave_out__sm_topology_axis	3456	msigdb_prior	0.22178566455841064
masked	leave_out__go_prior	3456	generic_interaction	0.21159061789512634
masked	leave_out__go_prior	3456	ligand_receptor	0.18629500269889832
masked	leave_out__go_prior	3456	metabolic_crosstalk	0.17346306145191193
masked	leave_out__go_prior	3456	sm_topology_axis	0.19957990944385529
masked	leave_out__go_prior	3456	msigdb_prior	0.22907136380672455
masked	leave_out__msigdb_prior	3456	generic_interaction	0.20806844532489777
masked	leave_out__msigdb_prior	3456	ligand_receptor	0.1947423219680786
masked	leave_out__msigdb_prior	3456	metabolic_crosstalk	0.1754980981349945
masked	leave_out__msigdb_prior	3456	sm_topology_axis	0.2057056874036789
masked	leave_out__msigdb_prior	3456	go_prior	0.21598543226718903
masked	merged_svd	4567	merged_svd	1.0
masked	single__generic_interaction	4567	generic_interaction	1.0
masked	single__ligand_receptor	4567	ligand_receptor	1.0
masked	single__metabolic_crosstalk	4567	metabolic_crosstalk	1.0
masked	single__sm_topology_axis	4567	sm_topology_axis	1.0
masked	single__go_prior	4567	go_prior	1.0
masked	single__msigdb_prior	4567	msigdb_prior	1.0
masked	uniform_multiview	4567	generic_interaction	0.1666666716337204
masked	uniform_multiview	4567	ligand_receptor	0.1666666716337204
masked	uniform_multiview	4567	metabolic_crosstalk	0.1666666716337204
masked	uniform_multiview	4567	sm_topology_axis	0.1666666716337204
masked	uniform_multiview	4567	go_prior	0.1666666716337204
masked	uniform_multiview	4567	msigdb_prior	0.1666666716337204
masked	learned_multiview	4567	generic_interaction	0.1663694530725479
masked	learned_multiview	4567	ligand_receptor	0.16027554869651794
masked	learned_multiview	4567	metabolic_crosstalk	0.15842920541763306
masked	learned_multiview	4567	sm_topology_axis	0.1673058569431305
masked	learned_multiview	4567	go_prior	0.16945503652095795
masked	learned_multiview	4567	msigdb_prior	0.17816485464572906
masked	leave_out__generic_interaction	4567	ligand_receptor	0.19001972675323486
masked	leave_out__generic_interaction	4567	metabolic_crosstalk	0.18283753097057343
masked	leave_out__generic_interaction	4567	sm_topology_axis	0.19887620210647583
masked	leave_out__generic_interaction	4567	go_prior	0.20941965281963348
masked	leave_out__generic_interaction	4567	msigdb_prior	0.21884699165821075
masked	leave_out__ligand_receptor	4567	generic_interaction	0.1979822814464569
masked	leave_out__ligand_receptor	4567	metabolic_crosstalk	0.1880364865064621
masked	leave_out__ligand_receptor	4567	sm_topology_axis	0.19948184490203857
masked	leave_out__ligand_receptor	4567	go_prior	0.20069487392902374
masked	leave_out__ligand_receptor	4567	msigdb_prior	0.2138044834136963
masked	leave_out__metabolic_crosstalk	4567	generic_interaction	0.19825369119644165
masked	leave_out__metabolic_crosstalk	4567	ligand_receptor	0.19061064720153809
masked	leave_out__metabolic_crosstalk	4567	sm_topology_axis	0.19929803907871246
masked	leave_out__metabolic_crosstalk	4567	go_prior	0.1996588408946991
masked	leave_out__metabolic_crosstalk	4567	msigdb_prior	0.21217872202396393
masked	leave_out__sm_topology_axis	4567	generic_interaction	0.19901609420776367
masked	leave_out__sm_topology_axis	4567	ligand_receptor	0.19294436275959015
masked	leave_out__sm_topology_axis	4567	metabolic_crosstalk	0.1926642656326294
masked	leave_out__sm_topology_axis	4567	go_prior	0.2023915797472
masked	leave_out__sm_topology_axis	4567	msigdb_prior	0.21298369765281677
masked	leave_out__go_prior	4567	generic_interaction	0.20169612765312195
masked	leave_out__go_prior	4567	ligand_receptor	0.19254066050052643
masked	leave_out__go_prior	4567	metabolic_crosstalk	0.19009998440742493
masked	leave_out__go_prior	4567	sm_topology_axis	0.20081470906734467
masked	leave_out__go_prior	4567	msigdb_prior	0.21484851837158203
masked	leave_out__msigdb_prior	4567	generic_interaction	0.20207059383392334
masked	leave_out__msigdb_prior	4567	ligand_receptor	0.19700250029563904
masked	leave_out__msigdb_prior	4567	metabolic_crosstalk	0.19136039912700653
masked	leave_out__msigdb_prior	4567	sm_topology_axis	0.20399673283100128
masked	leave_out__msigdb_prior	4567	go_prior	0.205569788813591
masked	merged_svd	5678	merged_svd	1.0
masked	single__generic_interaction	5678	generic_interaction	1.0
masked	single__ligand_receptor	5678	ligand_receptor	1.0
masked	single__metabolic_crosstalk	5678	metabolic_crosstalk	1.0
masked	single__sm_topology_axis	5678	sm_topology_axis	1.0
masked	single__go_prior	5678	go_prior	1.0
masked	single__msigdb_prior	5678	msigdb_prior	1.0
masked	uniform_multiview	5678	generic_interaction	0.1666666716337204
masked	uniform_multiview	5678	ligand_receptor	0.1666666716337204
masked	uniform_multiview	5678	metabolic_crosstalk	0.1666666716337204
masked	uniform_multiview	5678	sm_topology_axis	0.1666666716337204
masked	uniform_multiview	5678	go_prior	0.1666666716337204
masked	uniform_multiview	5678	msigdb_prior	0.1666666716337204
masked	learned_multiview	5678	generic_interaction	0.1638997346162796
masked	learned_multiview	5678	ligand_receptor	0.15883362293243408
masked	learned_multiview	5678	metabolic_crosstalk	0.15078458189964294
masked	learned_multiview	5678	sm_topology_axis	0.17083625495433807
masked	learned_multiview	5678	go_prior	0.1741349697113037
masked	learned_multiview	5678	msigdb_prior	0.1815108358860016
masked	leave_out__generic_interaction	5678	ligand_receptor	0.18259260058403015
masked	leave_out__generic_interaction	5678	metabolic_crosstalk	0.1718948483467102
masked	leave_out__generic_interaction	5678	sm_topology_axis	0.2032901644706726
masked	leave_out__generic_interaction	5678	go_prior	0.2158229500055313
masked	leave_out__generic_interaction	5678	msigdb_prior	0.22639943659305573
masked	leave_out__ligand_receptor	5678	generic_interaction	0.19598053395748138
masked	leave_out__ligand_receptor	5678	metabolic_crosstalk	0.18807841837406158
masked	leave_out__ligand_receptor	5678	sm_topology_axis	0.20488671958446503
masked	leave_out__ligand_receptor	5678	go_prior	0.20253786444664001
masked	leave_out__ligand_receptor	5678	msigdb_prior	0.20851650834083557
masked	leave_out__metabolic_crosstalk	5678	generic_interaction	0.19296857714653015
masked	leave_out__metabolic_crosstalk	5678	ligand_receptor	0.18598851561546326
masked	leave_out__metabolic_crosstalk	5678	sm_topology_axis	0.20156532526016235
masked	leave_out__metabolic_crosstalk	5678	go_prior	0.2045256495475769
masked	leave_out__metabolic_crosstalk	5678	msigdb_prior	0.2149519920349121
masked	leave_out__sm_topology_axis	5678	generic_interaction	0.1952860802412033
masked	leave_out__sm_topology_axis	5678	ligand_receptor	0.18798932433128357
masked	leave_out__sm_topology_axis	5678	metabolic_crosstalk	0.17864882946014404
masked	leave_out__sm_topology_axis	5678	go_prior	0.21189911663532257
masked	leave_out__sm_topology_axis	5678	msigdb_prior	0.22617655992507935
masked	leave_out__go_prior	5678	generic_interaction	0.19646301865577698
masked	leave_out__go_prior	5678	ligand_receptor	0.19274790585041046
masked	leave_out__go_prior	5678	metabolic_crosstalk	0.1767575591802597
masked	leave_out__go_prior	5678	sm_topology_axis	0.20488232374191284
masked	leave_out__go_prior	5678	msigdb_prior	0.22914910316467285
masked	leave_out__msigdb_prior	5678	generic_interaction	0.19832147657871246
masked	leave_out__msigdb_prior	5678	ligand_receptor	0.19019028544425964
masked	leave_out__msigdb_prior	5678	metabolic_crosstalk	0.17640234529972076
masked	leave_out__msigdb_prior	5678	sm_topology_axis	0.21073557436466217
masked	leave_out__msigdb_prior	5678	go_prior	0.22435033321380615
masked	merged_svd	6789	merged_svd	1.0
masked	single__generic_interaction	6789	generic_interaction	1.0
masked	single__ligand_receptor	6789	ligand_receptor	1.0
masked	single__metabolic_crosstalk	6789	metabolic_crosstalk	1.0
masked	single__sm_topology_axis	6789	sm_topology_axis	1.0
masked	single__go_prior	6789	go_prior	1.0
masked	single__msigdb_prior	6789	msigdb_prior	1.0
masked	uniform_multiview	6789	generic_interaction	0.1666666716337204
masked	uniform_multiview	6789	ligand_receptor	0.1666666716337204
masked	uniform_multiview	6789	metabolic_crosstalk	0.1666666716337204
masked	uniform_multiview	6789	sm_topology_axis	0.1666666716337204
masked	uniform_multiview	6789	go_prior	0.1666666716337204
masked	uniform_multiview	6789	msigdb_prior	0.1666666716337204
masked	learned_multiview	6789	generic_interaction	0.163615420460701
masked	learned_multiview	6789	ligand_receptor	0.1461195945739746
masked	learned_multiview	6789	metabolic_crosstalk	0.142207071185112
masked	learned_multiview	6789	sm_topology_axis	0.1733383983373642
masked	learned_multiview	6789	go_prior	0.1734239161014557
masked	learned_multiview	6789	msigdb_prior	0.20129556953907013
masked	leave_out__generic_interaction	6789	ligand_receptor	0.18691802024841309
masked	leave_out__generic_interaction	6789	metabolic_crosstalk	0.18239760398864746
masked	leave_out__generic_interaction	6789	sm_topology_axis	0.19667617976665497
masked	leave_out__generic_interaction	6789	go_prior	0.2045682966709137
masked	leave_out__generic_interaction	6789	msigdb_prior	0.2294398695230484
masked	leave_out__ligand_receptor	6789	generic_interaction	0.19741155207157135
masked	leave_out__ligand_receptor	6789	metabolic_crosstalk	0.17640890181064606
masked	leave_out__ligand_receptor	6789	sm_topology_axis	0.19954407215118408
masked	leave_out__ligand_receptor	6789	go_prior	0.19772833585739136
masked	leave_out__ligand_receptor	6789	msigdb_prior	0.22890709340572357
masked	leave_out__metabolic_crosstalk	6789	generic_interaction	0.19648927450180054
masked	leave_out__metabolic_crosstalk	6789	ligand_receptor	0.1814768761396408
masked	leave_out__metabolic_crosstalk	6789	sm_topology_axis	0.1940499246120453
masked	leave_out__metabolic_crosstalk	6789	go_prior	0.2038571983575821
masked	leave_out__metabolic_crosstalk	6789	msigdb_prior	0.22412672638893127
masked	leave_out__sm_topology_axis	6789	generic_interaction	0.20056010782718658
masked	leave_out__sm_topology_axis	6789	ligand_receptor	0.18805918097496033
masked	leave_out__sm_topology_axis	6789	metabolic_crosstalk	0.18484225869178772
masked	leave_out__sm_topology_axis	6789	go_prior	0.20332325994968414
masked	leave_out__sm_topology_axis	6789	msigdb_prior	0.22321511805057526
masked	leave_out__go_prior	6789	generic_interaction	0.2013631910085678
masked	leave_out__go_prior	6789	ligand_receptor	0.1872941255569458
masked	leave_out__go_prior	6789	metabolic_crosstalk	0.18240030109882355
masked	leave_out__go_prior	6789	sm_topology_axis	0.19765469431877136
masked	leave_out__go_prior	6789	msigdb_prior	0.2312876284122467
masked	leave_out__msigdb_prior	6789	generic_interaction	0.20613113045692444
masked	leave_out__msigdb_prior	6789	ligand_receptor	0.19240331649780273
masked	leave_out__msigdb_prior	6789	metabolic_crosstalk	0.18442381918430328
masked	leave_out__msigdb_prior	6789	sm_topology_axis	0.20784975588321686
masked	leave_out__msigdb_prior	6789	go_prior	0.20919199287891388
masked	merged_svd	7890	merged_svd	1.0
masked	single__generic_interaction	7890	generic_interaction	1.0
masked	single__ligand_receptor	7890	ligand_receptor	1.0
masked	single__metabolic_crosstalk	7890	metabolic_crosstalk	1.0
masked	single__sm_topology_axis	7890	sm_topology_axis	1.0
masked	single__go_prior	7890	go_prior	1.0
masked	single__msigdb_prior	7890	msigdb_prior	1.0
masked	uniform_multiview	7890	generic_interaction	0.1666666716337204
masked	uniform_multiview	7890	ligand_receptor	0.1666666716337204
masked	uniform_multiview	7890	metabolic_crosstalk	0.1666666716337204
masked	uniform_multiview	7890	sm_topology_axis	0.1666666716337204
masked	uniform_multiview	7890	go_prior	0.1666666716337204
masked	uniform_multiview	7890	msigdb_prior	0.1666666716337204
masked	learned_multiview	7890	generic_interaction	0.16795645654201508
masked	learned_multiview	7890	ligand_receptor	0.16084866225719452
masked	learned_multiview	7890	metabolic_crosstalk	0.15851595997810364
masked	learned_multiview	7890	sm_topology_axis	0.16887035965919495
masked	learned_multiview	7890	go_prior	0.17192980647087097
masked	learned_multiview	7890	msigdb_prior	0.17187874019145966
masked	leave_out__generic_interaction	7890	ligand_receptor	0.19272539019584656
masked	leave_out__generic_interaction	7890	metabolic_crosstalk	0.19005073606967926
masked	leave_out__generic_interaction	7890	sm_topology_axis	0.20295937359333038
masked	leave_out__generic_interaction	7890	go_prior	0.2076478749513626
masked	leave_out__generic_interaction	7890	msigdb_prior	0.2066166251897812
masked	leave_out__ligand_receptor	7890	generic_interaction	0.1986718475818634
masked	leave_out__ligand_receptor	7890	metabolic_crosstalk	0.1894272416830063
masked	leave_out__ligand_receptor	7890	sm_topology_axis	0.20048415660858154
masked	leave_out__ligand_receptor	7890	go_prior	0.20432844758033752
masked	leave_out__ligand_receptor	7890	msigdb_prior	0.20708832144737244
masked	leave_out__metabolic_crosstalk	7890	generic_interaction	0.19945286214351654
masked	leave_out__metabolic_crosstalk	7890	ligand_receptor	0.19138824939727783
masked	leave_out__metabolic_crosstalk	7890	sm_topology_axis	0.20140236616134644
masked	leave_out__metabolic_crosstalk	7890	go_prior	0.20490117371082306
masked	leave_out__metabolic_crosstalk	7890	msigdb_prior	0.20285534858703613
masked	leave_out__sm_topology_axis	7890	generic_interaction	0.20224279165267944
masked	leave_out__sm_topology_axis	7890	ligand_receptor	0.19197219610214233
masked	leave_out__sm_topology_axis	7890	metabolic_crosstalk	0.19107259809970856
masked	leave_out__sm_topology_axis	7890	go_prior	0.20673370361328125
masked	leave_out__sm_topology_axis	7890	msigdb_prior	0.20797866582870483
masked	leave_out__go_prior	7890	generic_interaction	0.2050309032201767
masked	leave_out__go_prior	7890	ligand_receptor	0.1933574229478836
masked	leave_out__go_prior	7890	metabolic_crosstalk	0.1897946149110794
masked	leave_out__go_prior	7890	sm_topology_axis	0.20376208424568176
masked	leave_out__go_prior	7890	msigdb_prior	0.20805498957633972
masked	leave_out__msigdb_prior	7890	generic_interaction	0.2017538696527481
masked	leave_out__msigdb_prior	7890	ligand_receptor	0.1962747424840927
masked	leave_out__msigdb_prior	7890	metabolic_crosstalk	0.1909782439470291
masked	leave_out__msigdb_prior	7890	sm_topology_axis	0.2028808295726776
masked	leave_out__msigdb_prior	7890	go_prior	0.20811228454113007
masked	merged_svd	8901	merged_svd	1.0
masked	single__generic_interaction	8901	generic_interaction	1.0
masked	single__ligand_receptor	8901	ligand_receptor	1.0
masked	single__metabolic_crosstalk	8901	metabolic_crosstalk	1.0
masked	single__sm_topology_axis	8901	sm_topology_axis	1.0
masked	single__go_prior	8901	go_prior	1.0
masked	single__msigdb_prior	8901	msigdb_prior	1.0
masked	uniform_multiview	8901	generic_interaction	0.1666666716337204
masked	uniform_multiview	8901	ligand_receptor	0.1666666716337204
masked	uniform_multiview	8901	metabolic_crosstalk	0.1666666716337204
masked	uniform_multiview	8901	sm_topology_axis	0.1666666716337204
masked	uniform_multiview	8901	go_prior	0.1666666716337204
masked	uniform_multiview	8901	msigdb_prior	0.1666666716337204
masked	learned_multiview	8901	generic_interaction	0.16647715866565704
masked	learned_multiview	8901	ligand_receptor	0.15504279732704163
masked	learned_multiview	8901	metabolic_crosstalk	0.1508072167634964
masked	learned_multiview	8901	sm_topology_axis	0.1663321554660797
masked	learned_multiview	8901	go_prior	0.17080333828926086
masked	learned_multiview	8901	msigdb_prior	0.19053731858730316
masked	leave_out__generic_interaction	8901	ligand_receptor	0.18219752609729767
masked	leave_out__generic_interaction	8901	metabolic_crosstalk	0.1787077933549881
masked	leave_out__generic_interaction	8901	sm_topology_axis	0.1953069567680359
masked	leave_out__generic_interaction	8901	go_prior	0.2091675102710724
masked	leave_out__generic_interaction	8901	msigdb_prior	0.23462018370628357
masked	leave_out__ligand_receptor	8901	generic_interaction	0.1983104646205902
masked	leave_out__ligand_receptor	8901	metabolic_crosstalk	0.178450345993042
masked	leave_out__ligand_receptor	8901	sm_topology_axis	0.1969745010137558
masked	leave_out__ligand_receptor	8901	go_prior	0.1997515708208084
masked	leave_out__ligand_receptor	8901	msigdb_prior	0.22651314735412598
masked	leave_out__metabolic_crosstalk	8901	generic_interaction	0.1971118301153183
masked	leave_out__metabolic_crosstalk	8901	ligand_receptor	0.1783386766910553
masked	leave_out__metabolic_crosstalk	8901	sm_topology_axis	0.19441089034080505
masked	leave_out__metabolic_crosstalk	8901	go_prior	0.2048632800579071
masked	leave_out__metabolic_crosstalk	8901	msigdb_prior	0.2252754271030426
masked	leave_out__sm_topology_axis	8901	generic_interaction	0.19572097063064575
masked	leave_out__sm_topology_axis	8901	ligand_receptor	0.1868181675672531
masked	leave_out__sm_topology_axis	8901	metabolic_crosstalk	0.18268118798732758
masked	leave_out__sm_topology_axis	8901	go_prior	0.20829831063747406
masked	leave_out__sm_topology_axis	8901	msigdb_prior	0.2264813631772995
masked	leave_out__go_prior	8901	generic_interaction	0.2035847306251526
masked	leave_out__go_prior	8901	ligand_receptor	0.18170246481895447
masked	leave_out__go_prior	8901	metabolic_crosstalk	0.17414262890815735
masked	leave_out__go_prior	8901	sm_topology_axis	0.20266109704971313
masked	leave_out__go_prior	8901	msigdb_prior	0.23790909349918365
masked	leave_out__msigdb_prior	8901	generic_interaction	0.20963570475578308
masked	leave_out__msigdb_prior	8901	ligand_receptor	0.1941348910331726
masked	leave_out__msigdb_prior	8901	metabolic_crosstalk	0.1852492243051529
masked	leave_out__msigdb_prior	8901	sm_topology_axis	0.20245639979839325
masked	leave_out__msigdb_prior	8901	go_prior	0.2085237354040146
masked	merged_svd	9012	merged_svd	1.0
masked	single__generic_interaction	9012	generic_interaction	1.0
masked	single__ligand_receptor	9012	ligand_receptor	1.0
masked	single__metabolic_crosstalk	9012	metabolic_crosstalk	1.0
masked	single__sm_topology_axis	9012	sm_topology_axis	1.0
masked	single__go_prior	9012	go_prior	1.0
masked	single__msigdb_prior	9012	msigdb_prior	1.0
masked	uniform_multiview	9012	generic_interaction	0.1666666716337204
masked	uniform_multiview	9012	ligand_receptor	0.1666666716337204
masked	uniform_multiview	9012	metabolic_crosstalk	0.1666666716337204
masked	uniform_multiview	9012	sm_topology_axis	0.1666666716337204
masked	uniform_multiview	9012	go_prior	0.1666666716337204
masked	uniform_multiview	9012	msigdb_prior	0.1666666716337204
masked	learned_multiview	9012	generic_interaction	0.1727888584136963
masked	learned_multiview	9012	ligand_receptor	0.1634024679660797
masked	learned_multiview	9012	metabolic_crosstalk	0.1578545868396759
masked	learned_multiview	9012	sm_topology_axis	0.17099720239639282
masked	learned_multiview	9012	go_prior	0.16739007830619812
masked	learned_multiview	9012	msigdb_prior	0.16756685078144073
masked	leave_out__generic_interaction	9012	ligand_receptor	0.19501949846744537
masked	leave_out__generic_interaction	9012	metabolic_crosstalk	0.19033753871917725
masked	leave_out__generic_interaction	9012	sm_topology_axis	0.20722268521785736
masked	leave_out__generic_interaction	9012	go_prior	0.2038467973470688
masked	leave_out__generic_interaction	9012	msigdb_prior	0.20357343554496765
masked	leave_out__ligand_receptor	9012	generic_interaction	0.2081528604030609
masked	leave_out__ligand_receptor	9012	metabolic_crosstalk	0.18812236189842224
masked	leave_out__ligand_receptor	9012	sm_topology_axis	0.20523032546043396
masked	leave_out__ligand_receptor	9012	go_prior	0.19720178842544556
masked	leave_out__ligand_receptor	9012	msigdb_prior	0.20129261910915375
masked	leave_out__metabolic_crosstalk	9012	generic_interaction	0.20666012167930603
masked	leave_out__metabolic_crosstalk	9012	ligand_receptor	0.19258111715316772
masked	leave_out__metabolic_crosstalk	9012	sm_topology_axis	0.20352815091609955
masked	leave_out__metabolic_crosstalk	9012	go_prior	0.19779975712299347
masked	leave_out__metabolic_crosstalk	9012	msigdb_prior	0.19943085312843323
masked	leave_out__sm_topology_axis	9012	generic_interaction	0.2096131145954132
masked	leave_out__sm_topology_axis	9012	ligand_receptor	0.19678838551044464
masked	leave_out__sm_topology_axis	9012	metabolic_crosstalk	0.1900189220905304
masked	leave_out__sm_topology_axis	9012	go_prior	0.19916605949401855
masked	leave_out__sm_topology_axis	9012	msigdb_prior	0.2044135332107544
masked	leave_out__go_prior	9012	generic_interaction	0.20900799334049225
masked	leave_out__go_prior	9012	ligand_receptor	0.19403505325317383
masked	leave_out__go_prior	9012	metabolic_crosstalk	0.1900622695684433
masked	leave_out__go_prior	9012	sm_topology_axis	0.20410265028476715
masked	leave_out__go_prior	9012	msigdb_prior	0.2027919739484787
masked	leave_out__msigdb_prior	9012	generic_interaction	0.2075221985578537
masked	leave_out__msigdb_prior	9012	ligand_receptor	0.19431711733341217
masked	leave_out__msigdb_prior	9012	metabolic_crosstalk	0.1821659952402115
masked	leave_out__msigdb_prior	9012	sm_topology_axis	0.20655231177806854
masked	leave_out__msigdb_prior	9012	go_prior	0.20944242179393768
masked	merged_svd	1357	merged_svd	1.0
masked	single__generic_interaction	1357	generic_interaction	1.0
masked	single__ligand_receptor	1357	ligand_receptor	1.0
masked	single__metabolic_crosstalk	1357	metabolic_crosstalk	1.0
masked	single__sm_topology_axis	1357	sm_topology_axis	1.0
masked	single__go_prior	1357	go_prior	1.0
masked	single__msigdb_prior	1357	msigdb_prior	1.0
masked	uniform_multiview	1357	generic_interaction	0.1666666716337204
masked	uniform_multiview	1357	ligand_receptor	0.1666666716337204
masked	uniform_multiview	1357	metabolic_crosstalk	0.1666666716337204
masked	uniform_multiview	1357	sm_topology_axis	0.1666666716337204
masked	uniform_multiview	1357	go_prior	0.1666666716337204
masked	uniform_multiview	1357	msigdb_prior	0.1666666716337204
masked	learned_multiview	1357	generic_interaction	0.17260673642158508
masked	learned_multiview	1357	ligand_receptor	0.15355369448661804
masked	learned_multiview	1357	metabolic_crosstalk	0.1482321321964264
masked	learned_multiview	1357	sm_topology_axis	0.16730177402496338
masked	learned_multiview	1357	go_prior	0.17615404725074768
masked	learned_multiview	1357	msigdb_prior	0.18215157091617584
masked	leave_out__generic_interaction	1357	ligand_receptor	0.18430277705192566
masked	leave_out__generic_interaction	1357	metabolic_crosstalk	0.17713114619255066
masked	leave_out__generic_interaction	1357	sm_topology_axis	0.2021082490682602
masked	leave_out__generic_interaction	1357	go_prior	0.2121787816286087
masked	leave_out__generic_interaction	1357	msigdb_prior	0.22427898645401
masked	leave_out__ligand_receptor	1357	generic_interaction	0.20351962745189667
masked	leave_out__ligand_receptor	1357	metabolic_crosstalk	0.178597092628479
masked	leave_out__ligand_receptor	1357	sm_topology_axis	0.19508029520511627
masked	leave_out__ligand_receptor	1357	go_prior	0.20524053275585175
masked	leave_out__ligand_receptor	1357	msigdb_prior	0.21756242215633392
masked	leave_out__metabolic_crosstalk	1357	generic_interaction	0.20352260768413544
masked	leave_out__metabolic_crosstalk	1357	ligand_receptor	0.18908551335334778
masked	leave_out__metabolic_crosstalk	1357	sm_topology_axis	0.19601869583129883
masked	leave_out__metabolic_crosstalk	1357	go_prior	0.2027038186788559
masked	leave_out__metabolic_crosstalk	1357	msigdb_prior	0.20866930484771729
masked	leave_out__sm_topology_axis	1357	generic_interaction	0.20791912078857422
masked	leave_out__sm_topology_axis	1357	ligand_receptor	0.1815633326768875
masked	leave_out__sm_topology_axis	1357	metabolic_crosstalk	0.17782539129257202
masked	leave_out__sm_topology_axis	1357	go_prior	0.21204903721809387
masked	leave_out__sm_topology_axis	1357	msigdb_prior	0.2206430733203888
masked	leave_out__go_prior	1357	generic_interaction	0.2068960964679718
masked	leave_out__go_prior	1357	ligand_receptor	0.18688569962978363
masked	leave_out__go_prior	1357	metabolic_crosstalk	0.17767870426177979
masked	leave_out__go_prior	1357	sm_topology_axis	0.2025701254606247
masked	leave_out__go_prior	1357	msigdb_prior	0.22596950829029083
masked	leave_out__msigdb_prior	1357	generic_interaction	0.21125520765781403
masked	leave_out__msigdb_prior	1357	ligand_receptor	0.18527808785438538
masked	leave_out__msigdb_prior	1357	metabolic_crosstalk	0.17669880390167236
masked	leave_out__msigdb_prior	1357	sm_topology_axis	0.20746932923793793
masked	leave_out__msigdb_prior	1357	go_prior	0.2192985713481903
full	merged_svd	1234	merged_svd	1.0
full	single__generic_interaction	1234	generic_interaction	1.0
full	single__ligand_receptor	1234	ligand_receptor	1.0
full	single__metabolic_crosstalk	1234	metabolic_crosstalk	1.0
full	single__sm_topology_axis	1234	sm_topology_axis	1.0
full	single__go_prior	1234	go_prior	1.0
full	single__msigdb_prior	1234	msigdb_prior	1.0
full	uniform_multiview	1234	generic_interaction	0.1666666716337204
full	uniform_multiview	1234	ligand_receptor	0.1666666716337204
full	uniform_multiview	1234	metabolic_crosstalk	0.1666666716337204
full	uniform_multiview	1234	sm_topology_axis	0.1666666716337204
full	uniform_multiview	1234	go_prior	0.1666666716337204
full	uniform_multiview	1234	msigdb_prior	0.1666666716337204
full	learned_multiview	1234	generic_interaction	0.1691286414861679
full	learned_multiview	1234	ligand_receptor	0.15681113302707672
full	learned_multiview	1234	metabolic_crosstalk	0.15673108398914337
full	learned_multiview	1234	sm_topology_axis	0.16977079212665558
full	learned_multiview	1234	go_prior	0.17743678390979767
full	learned_multiview	1234	msigdb_prior	0.17012152075767517
full	leave_out__generic_interaction	1234	ligand_receptor	0.19009174406528473
full	leave_out__generic_interaction	1234	metabolic_crosstalk	0.19029486179351807
full	leave_out__generic_interaction	1234	sm_topology_axis	0.20134878158569336
full	leave_out__generic_interaction	1234	go_prior	0.21203410625457764
full	leave_out__generic_interaction	1234	msigdb_prior	0.20623046159744263
full	leave_out__ligand_receptor	1234	generic_interaction	0.20269952714443207
full	leave_out__ligand_receptor	1234	metabolic_crosstalk	0.18393616378307343
full	leave_out__ligand_receptor	1234	sm_topology_axis	0.20054873824119568
full	leave_out__ligand_receptor	1234	go_prior	0.2104741334915161
full	leave_out__ligand_receptor	1234	msigdb_prior	0.20234142243862152
full	leave_out__metabolic_crosstalk	1234	generic_interaction	0.2017756998538971
full	leave_out__metabolic_crosstalk	1234	ligand_receptor	0.1805819422006607
full	leave_out__metabolic_crosstalk	1234	sm_topology_axis	0.2012297809123993
full	leave_out__metabolic_crosstalk	1234	go_prior	0.2130463570356369
full	leave_out__metabolic_crosstalk	1234	msigdb_prior	0.2033662647008896
full	leave_out__sm_topology_axis	1234	generic_interaction	0.19631646573543549
full	leave_out__sm_topology_axis	1234	ligand_receptor	0.19141685962677002
full	leave_out__sm_topology_axis	1234	metabolic_crosstalk	0.18887902796268463
full	leave_out__sm_topology_axis	1234	go_prior	0.2122822403907776
full	leave_out__sm_topology_axis	1234	msigdb_prior	0.21110539138317108
full	leave_out__go_prior	1234	generic_interaction	0.20535127818584442
full	leave_out__go_prior	1234	ligand_receptor	0.1888621300458908
full	leave_out__go_prior	1234	metabolic_crosstalk	0.19315630197525024
full	leave_out__go_prior	1234	sm_topology_axis	0.20904570817947388
full	leave_out__go_prior	1234	msigdb_prior	0.20358464121818542
full	leave_out__msigdb_prior	1234	generic_interaction	0.20829223096370697
full	leave_out__msigdb_prior	1234	ligand_receptor	0.1806447058916092
full	leave_out__msigdb_prior	1234	metabolic_crosstalk	0.18233022093772888
full	leave_out__msigdb_prior	1234	sm_topology_axis	0.21026311814785004
full	leave_out__msigdb_prior	1234	go_prior	0.2184697687625885
full	merged_svd	2345	merged_svd	1.0
full	single__generic_interaction	2345	generic_interaction	1.0
full	single__ligand_receptor	2345	ligand_receptor	1.0
full	single__metabolic_crosstalk	2345	metabolic_crosstalk	1.0
full	single__sm_topology_axis	2345	sm_topology_axis	1.0
full	single__go_prior	2345	go_prior	1.0
full	single__msigdb_prior	2345	msigdb_prior	1.0
full	uniform_multiview	2345	generic_interaction	0.1666666716337204
full	uniform_multiview	2345	ligand_receptor	0.1666666716337204
full	uniform_multiview	2345	metabolic_crosstalk	0.1666666716337204
full	uniform_multiview	2345	sm_topology_axis	0.1666666716337204
full	uniform_multiview	2345	go_prior	0.1666666716337204
full	uniform_multiview	2345	msigdb_prior	0.1666666716337204
full	learned_multiview	2345	generic_interaction	0.1624348908662796
full	learned_multiview	2345	ligand_receptor	0.15696147084236145
full	learned_multiview	2345	metabolic_crosstalk	0.16777297854423523
full	learned_multiview	2345	sm_topology_axis	0.17782795429229736
full	learned_multiview	2345	go_prior	0.16825367510318756
full	learned_multiview	2345	msigdb_prior	0.1667490005493164
full	leave_out__generic_interaction	2345	ligand_receptor	0.18541444838047028
full	leave_out__generic_interaction	2345	metabolic_crosstalk	0.19535501301288605
full	leave_out__generic_interaction	2345	sm_topology_axis	0.22154228389263153
full	leave_out__generic_interaction	2345	go_prior	0.1994262933731079
full	leave_out__generic_interaction	2345	msigdb_prior	0.19826194643974304
full	leave_out__ligand_receptor	2345	generic_interaction	0.19369608163833618
full	leave_out__ligand_receptor	2345	metabolic_crosstalk	0.19319874048233032
full	leave_out__ligand_receptor	2345	sm_topology_axis	0.21225698292255402
full	leave_out__ligand_receptor	2345	go_prior	0.20136430859565735
full	leave_out__ligand_receptor	2345	msigdb_prior	0.19948390126228333
full	leave_out__metabolic_crosstalk	2345	generic_interaction	0.1963668316602707
full	leave_out__metabolic_crosstalk	2345	ligand_receptor	0.18187671899795532
full	leave_out__metabolic_crosstalk	2345	sm_topology_axis	0.21100549399852753
full	leave_out__metabolic_crosstalk	2345	go_prior	0.214830219745636
full	leave_out__metabolic_crosstalk	2345	msigdb_prior	0.19592072069644928
full	leave_out__sm_topology_axis	2345	generic_interaction	0.197731614112854
full	leave_out__sm_topology_axis	2345	ligand_receptor	0.1849941462278366
full	leave_out__sm_topology_axis	2345	metabolic_crosstalk	0.19379526376724243
full	leave_out__sm_topology_axis	2345	go_prior	0.21496903896331787
full	leave_out__sm_topology_axis	2345	msigdb_prior	0.2085099220275879
full	leave_out__go_prior	2345	generic_interaction	0.19498971104621887
full	leave_out__go_prior	2345	ligand_receptor	0.18553367257118225
full	leave_out__go_prior	2345	metabolic_crosstalk	0.20354239642620087
full	leave_out__go_prior	2345	sm_topology_axis	0.21744196116924286
full	leave_out__go_prior	2345	msigdb_prior	0.19849228858947754
full	leave_out__msigdb_prior	2345	generic_interaction	0.197534441947937
full	leave_out__msigdb_prior	2345	ligand_receptor	0.18556764721870422
full	leave_out__msigdb_prior	2345	metabolic_crosstalk	0.1933213174343109
full	leave_out__msigdb_prior	2345	sm_topology_axis	0.2162979692220688
full	leave_out__msigdb_prior	2345	go_prior	0.20727857947349548
full	merged_svd	3456	merged_svd	1.0
full	single__generic_interaction	3456	generic_interaction	1.0
full	single__ligand_receptor	3456	ligand_receptor	1.0
full	single__metabolic_crosstalk	3456	metabolic_crosstalk	1.0
full	single__sm_topology_axis	3456	sm_topology_axis	1.0
full	single__go_prior	3456	go_prior	1.0
full	single__msigdb_prior	3456	msigdb_prior	1.0
full	uniform_multiview	3456	generic_interaction	0.1666666716337204
full	uniform_multiview	3456	ligand_receptor	0.1666666716337204
full	uniform_multiview	3456	metabolic_crosstalk	0.1666666716337204
full	uniform_multiview	3456	sm_topology_axis	0.1666666716337204
full	uniform_multiview	3456	go_prior	0.1666666716337204
full	uniform_multiview	3456	msigdb_prior	0.1666666716337204
full	learned_multiview	3456	generic_interaction	0.16493621468544006
full	learned_multiview	3456	ligand_receptor	0.15646500885486603
full	learned_multiview	3456	metabolic_crosstalk	0.1541185826063156
full	learned_multiview	3456	sm_topology_axis	0.17728407680988312
full	learned_multiview	3456	go_prior	0.16762390732765198
full	learned_multiview	3456	msigdb_prior	0.17957216501235962
full	leave_out__generic_interaction	3456	ligand_receptor	0.18819047510623932
full	leave_out__generic_interaction	3456	metabolic_crosstalk	0.1883738785982132
full	leave_out__generic_interaction	3456	sm_topology_axis	0.21616370975971222
full	leave_out__generic_interaction	3456	go_prior	0.19341541826725006
full	leave_out__generic_interaction	3456	msigdb_prior	0.2138565331697464
full	leave_out__ligand_receptor	3456	generic_interaction	0.19440776109695435
full	leave_out__ligand_receptor	3456	metabolic_crosstalk	0.19356776773929596
full	leave_out__ligand_receptor	3456	sm_topology_axis	0.20600704848766327
full	leave_out__ligand_receptor	3456	go_prior	0.19749189913272858
full	leave_out__ligand_receptor	3456	msigdb_prior	0.20852552354335785
full	leave_out__metabolic_crosstalk	3456	generic_interaction	0.19671699404716492
full	leave_out__metabolic_crosstalk	3456	ligand_receptor	0.18522758781909943
full	leave_out__metabolic_crosstalk	3456	sm_topology_axis	0.20262163877487183
full	leave_out__metabolic_crosstalk	3456	go_prior	0.20553910732269287
full	leave_out__metabolic_crosstalk	3456	msigdb_prior	0.20989465713500977
full	leave_out__sm_topology_axis	3456	generic_interaction	0.19665245711803436
full	leave_out__sm_topology_axis	3456	ligand_receptor	0.1920553594827652
full	leave_out__sm_topology_axis	3456	metabolic_crosstalk	0.1844755858182907
full	leave_out__sm_topology_axis	3456	go_prior	0.20693962275981903
full	leave_out__sm_topology_axis	3456	msigdb_prior	0.2198769897222519
full	leave_out__go_prior	3456	generic_interaction	0.1987195909023285
full	leave_out__go_prior	3456	ligand_receptor	0.18314284086227417
full	leave_out__go_prior	3456	metabolic_crosstalk	0.18551646173000336
full	leave_out__go_prior	3456	sm_topology_axis	0.2195102721452713
full	leave_out__go_prior	3456	msigdb_prior	0.21311083436012268
full	leave_out__msigdb_prior	3456	generic_interaction	0.2021864950656891
full	leave_out__msigdb_prior	3456	ligand_receptor	0.19145432114601135
full	leave_out__msigdb_prior	3456	metabolic_crosstalk	0.18598797917366028
full	leave_out__msigdb_prior	3456	sm_topology_axis	0.2166074514389038
full	leave_out__msigdb_prior	3456	go_prior	0.2037637084722519
full	merged_svd	4567	merged_svd	1.0
full	single__generic_interaction	4567	generic_interaction	1.0
full	single__ligand_receptor	4567	ligand_receptor	1.0
full	single__metabolic_crosstalk	4567	metabolic_crosstalk	1.0
full	single__sm_topology_axis	4567	sm_topology_axis	1.0
full	single__go_prior	4567	go_prior	1.0
full	single__msigdb_prior	4567	msigdb_prior	1.0
full	uniform_multiview	4567	generic_interaction	0.1666666716337204
full	uniform_multiview	4567	ligand_receptor	0.1666666716337204
full	uniform_multiview	4567	metabolic_crosstalk	0.1666666716337204
full	uniform_multiview	4567	sm_topology_axis	0.1666666716337204
full	uniform_multiview	4567	go_prior	0.1666666716337204
full	uniform_multiview	4567	msigdb_prior	0.1666666716337204
full	learned_multiview	4567	generic_interaction	0.16892752051353455
full	learned_multiview	4567	ligand_receptor	0.1571567952632904
full	learned_multiview	4567	metabolic_crosstalk	0.15793098509311676
full	learned_multiview	4567	sm_topology_axis	0.17032046616077423
full	learned_multiview	4567	go_prior	0.17392173409461975
full	learned_multiview	4567	msigdb_prior	0.17174242436885834
full	leave_out__generic_interaction	4567	ligand_receptor	0.184004545211792
full	leave_out__generic_interaction	4567	metabolic_crosstalk	0.1897633969783783
full	leave_out__generic_interaction	4567	sm_topology_axis	0.20799466967582703
full	leave_out__generic_interaction	4567	go_prior	0.20532022416591644
full	leave_out__generic_interaction	4567	msigdb_prior	0.21291717886924744
full	leave_out__ligand_receptor	4567	generic_interaction	0.19778868556022644
full	leave_out__ligand_receptor	4567	metabolic_crosstalk	0.18883062899112701
full	leave_out__ligand_receptor	4567	sm_topology_axis	0.20566554367542267
full	leave_out__ligand_receptor	4567	go_prior	0.20518295466899872
full	leave_out__ligand_receptor	4567	msigdb_prior	0.20253221690654755
full	leave_out__metabolic_crosstalk	4567	generic_interaction	0.1989993005990982
full	leave_out__metabolic_crosstalk	4567	ligand_receptor	0.1841786950826645
full	leave_out__metabolic_crosstalk	4567	sm_topology_axis	0.20159444212913513
full	leave_out__metabolic_crosstalk	4567	go_prior	0.21201419830322266
full	leave_out__metabolic_crosstalk	4567	msigdb_prior	0.20321334898471832
full	leave_out__sm_topology_axis	4567	generic_interaction	0.20406410098075867
full	leave_out__sm_topology_axis	4567	ligand_receptor	0.19401152431964874
full	leave_out__sm_topology_axis	4567	metabolic_crosstalk	0.1863417774438858
full	leave_out__sm_topology_axis	4567	go_prior	0.20768307149410248
full	leave_out__sm_topology_axis	4567	msigdb_prior	0.20789949595928192
full	leave_out__go_prior	4567	generic_interaction	0.19899681210517883
full	leave_out__go_prior	4567	ligand_receptor	0.19094106554985046
full	leave_out__go_prior	4567	metabolic_crosstalk	0.19567498564720154
full	leave_out__go_prior	4567	sm_topology_axis	0.20887714624404907
full	leave_out__go_prior	4567	msigdb_prior	0.2055099904537201
full	leave_out__msigdb_prior	4567	generic_interaction	0.20550712943077087
full	leave_out__msigdb_prior	4567	ligand_receptor	0.18593044579029083
full	leave_out__msigdb_prior	4567	metabolic_crosstalk	0.18866892158985138
full	leave_out__msigdb_prior	4567	sm_topology_axis	0.20551307499408722
full	leave_out__msigdb_prior	4567	go_prior	0.21438048779964447
full	merged_svd	5678	merged_svd	1.0
full	single__generic_interaction	5678	generic_interaction	1.0
full	single__ligand_receptor	5678	ligand_receptor	1.0
full	single__metabolic_crosstalk	5678	metabolic_crosstalk	1.0
full	single__sm_topology_axis	5678	sm_topology_axis	1.0
full	single__go_prior	5678	go_prior	1.0
full	single__msigdb_prior	5678	msigdb_prior	1.0
full	uniform_multiview	5678	generic_interaction	0.1666666716337204
full	uniform_multiview	5678	ligand_receptor	0.1666666716337204
full	uniform_multiview	5678	metabolic_crosstalk	0.1666666716337204
full	uniform_multiview	5678	sm_topology_axis	0.1666666716337204
full	uniform_multiview	5678	go_prior	0.1666666716337204
full	uniform_multiview	5678	msigdb_prior	0.1666666716337204
full	learned_multiview	5678	generic_interaction	0.16580942273139954
full	learned_multiview	5678	ligand_receptor	0.15914194285869598
full	learned_multiview	5678	metabolic_crosstalk	0.15764451026916504
full	learned_multiview	5678	sm_topology_axis	0.17797783017158508
full	learned_multiview	5678	go_prior	0.17183366417884827
full	learned_multiview	5678	msigdb_prior	0.16759257018566132
full	leave_out__generic_interaction	5678	ligand_receptor	0.1857791244983673
full	leave_out__generic_interaction	5678	metabolic_crosstalk	0.18650159239768982
full	leave_out__generic_interaction	5678	sm_topology_axis	0.21648795902729034
full	leave_out__generic_interaction	5678	go_prior	0.20637120306491852
full	leave_out__generic_interaction	5678	msigdb_prior	0.2048601508140564
full	leave_out__ligand_receptor	5678	generic_interaction	0.1953164041042328
full	leave_out__ligand_receptor	5678	metabolic_crosstalk	0.1885221153497696
full	leave_out__ligand_receptor	5678	sm_topology_axis	0.2125663161277771
full	leave_out__ligand_receptor	5678	go_prior	0.20278076827526093
full	leave_out__ligand_receptor	5678	msigdb_prior	0.2008143961429596
full	leave_out__metabolic_crosstalk	5678	generic_interaction	0.19580134749412537
full	leave_out__metabolic_crosstalk	5678	ligand_receptor	0.18760739266872406
full	leave_out__metabolic_crosstalk	5678	sm_topology_axis	0.20986220240592957
full	leave_out__metabolic_crosstalk	5678	go_prior	0.20706059038639069
full	leave_out__metabolic_crosstalk	5678	msigdb_prior	0.19966839253902435
full	leave_out__sm_topology_axis	5678	generic_interaction	0.20116986334323883
full	leave_out__sm_topology_axis	5678	ligand_receptor	0.19506610929965973
full	leave_out__sm_topology_axis	5678	metabolic_crosstalk	0.1892714947462082
full	leave_out__sm_topology_axis	5678	go_prior	0.20833459496498108
full	leave_out__sm_topology_axis	5678	msigdb_prior	0.20615793764591217
full	leave_out__go_prior	5678	generic_interaction	0.1975833624601364
full	leave_out__go_prior	5678	ligand_receptor	0.18820367753505707
full	leave_out__go_prior	5678	metabolic_crosstalk	0.19407768547534943
full	leave_out__go_prior	5678	sm_topology_axis	0.2155858874320984
full	leave_out__go_prior	5678	msigdb_prior	0.2045494019985199
full	leave_out__msigdb_prior	5678	generic_interaction	0.1984432339668274
full	leave_out__msigdb_prior	5678	ligand_receptor	0.18985426425933838
full	leave_out__msigdb_prior	5678	metabolic_crosstalk	0.18453001976013184
full	leave_out__msigdb_prior	5678	sm_topology_axis	0.21648214757442474
full	leave_out__msigdb_prior	5678	go_prior	0.21069033443927765
full	merged_svd	6789	merged_svd	1.0
full	single__generic_interaction	6789	generic_interaction	1.0
full	single__ligand_receptor	6789	ligand_receptor	1.0
full	single__metabolic_crosstalk	6789	metabolic_crosstalk	1.0
full	single__sm_topology_axis	6789	sm_topology_axis	1.0
full	single__go_prior	6789	go_prior	1.0
full	single__msigdb_prior	6789	msigdb_prior	1.0
full	uniform_multiview	6789	generic_interaction	0.1666666716337204
full	uniform_multiview	6789	ligand_receptor	0.1666666716337204
full	uniform_multiview	6789	metabolic_crosstalk	0.1666666716337204
full	uniform_multiview	6789	sm_topology_axis	0.1666666716337204
full	uniform_multiview	6789	go_prior	0.1666666716337204
full	uniform_multiview	6789	msigdb_prior	0.1666666716337204
full	learned_multiview	6789	generic_interaction	0.16521094739437103
full	learned_multiview	6789	ligand_receptor	0.1589265763759613
full	learned_multiview	6789	metabolic_crosstalk	0.1616944968700409
full	learned_multiview	6789	sm_topology_axis	0.16650506854057312
full	learned_multiview	6789	go_prior	0.1738130748271942
full	learned_multiview	6789	msigdb_prior	0.17384986579418182
full	leave_out__generic_interaction	6789	ligand_receptor	0.19063811004161835
full	leave_out__generic_interaction	6789	metabolic_crosstalk	0.1922886222600937
full	leave_out__generic_interaction	6789	sm_topology_axis	0.20363231003284454
full	leave_out__generic_interaction	6789	go_prior	0.2060900777578354
full	leave_out__generic_interaction	6789	msigdb_prior	0.20735082030296326
full	leave_out__ligand_receptor	6789	generic_interaction	0.19290338456630707
full	leave_out__ligand_receptor	6789	metabolic_crosstalk	0.1878112405538559
full	leave_out__ligand_receptor	6789	sm_topology_axis	0.1979120969772339
full	leave_out__ligand_receptor	6789	go_prior	0.2088911235332489
full	leave_out__ligand_receptor	6789	msigdb_prior	0.21248222887516022
full	leave_out__metabolic_crosstalk	6789	generic_interaction	0.1963820457458496
full	leave_out__metabolic_crosstalk	6789	ligand_receptor	0.18820592761039734
full	leave_out__metabolic_crosstalk	6789	sm_topology_axis	0.19500727951526642
full	leave_out__metabolic_crosstalk	6789	go_prior	0.2134009301662445
full	leave_out__metabolic_crosstalk	6789	msigdb_prior	0.20700380206108093
full	leave_out__sm_topology_axis	6789	generic_interaction	0.1969183087348938
full	leave_out__sm_topology_axis	6789	ligand_receptor	0.1912064105272293
full	leave_out__sm_topology_axis	6789	metabolic_crosstalk	0.18901348114013672
full	leave_out__sm_topology_axis	6789	go_prior	0.210428848862648
full	leave_out__sm_topology_axis	6789	msigdb_prior	0.2124328464269638
full	leave_out__go_prior	6789	generic_interaction	0.19943176209926605
full	leave_out__go_prior	6789	ligand_receptor	0.19025476276874542
full	leave_out__go_prior	6789	metabolic_crosstalk	0.19631427526474
full	leave_out__go_prior	6789	sm_topology_axis	0.205719456076622
full	leave_out__go_prior	6789	msigdb_prior	0.20827975869178772
full	leave_out__msigdb_prior	6789	generic_interaction	0.19856134057044983
full	leave_out__msigdb_prior	6789	ligand_receptor	0.19323314726352692
full	leave_out__msigdb_prior	6789	metabolic_crosstalk	0.1934700310230255
full	leave_out__msigdb_prior	6789	sm_topology_axis	0.20453009009361267
full	leave_out__msigdb_prior	6789	go_prior	0.21020536124706268
full	merged_svd	7890	merged_svd	1.0
full	single__generic_interaction	7890	generic_interaction	1.0
full	single__ligand_receptor	7890	ligand_receptor	1.0
full	single__metabolic_crosstalk	7890	metabolic_crosstalk	1.0
full	single__sm_topology_axis	7890	sm_topology_axis	1.0
full	single__go_prior	7890	go_prior	1.0
full	single__msigdb_prior	7890	msigdb_prior	1.0
full	uniform_multiview	7890	generic_interaction	0.1666666716337204
full	uniform_multiview	7890	ligand_receptor	0.1666666716337204
full	uniform_multiview	7890	metabolic_crosstalk	0.1666666716337204
full	uniform_multiview	7890	sm_topology_axis	0.1666666716337204
full	uniform_multiview	7890	go_prior	0.1666666716337204
full	uniform_multiview	7890	msigdb_prior	0.1666666716337204
full	learned_multiview	7890	generic_interaction	0.16582728922367096
full	learned_multiview	7890	ligand_receptor	0.1669091135263443
full	learned_multiview	7890	metabolic_crosstalk	0.16528594493865967
full	learned_multiview	7890	sm_topology_axis	0.16670797765254974
full	learned_multiview	7890	go_prior	0.16763809323310852
full	learned_multiview	7890	msigdb_prior	0.1676315814256668
full	leave_out__generic_interaction	7890	ligand_receptor	0.1997479796409607
full	leave_out__generic_interaction	7890	metabolic_crosstalk	0.19811421632766724
full	leave_out__generic_interaction	7890	sm_topology_axis	0.20122447609901428
full	leave_out__generic_interaction	7890	go_prior	0.20033831894397736
full	leave_out__generic_interaction	7890	msigdb_prior	0.20057503879070282
full	leave_out__ligand_receptor	7890	generic_interaction	0.19859708845615387
full	leave_out__ligand_receptor	7890	metabolic_crosstalk	0.19797688722610474
full	leave_out__ligand_receptor	7890	sm_topology_axis	0.20126944780349731
full	leave_out__ligand_receptor	7890	go_prior	0.2011052519083023
full	leave_out__ligand_receptor	7890	msigdb_prior	0.20105135440826416
full	leave_out__metabolic_crosstalk	7890	generic_interaction	0.1988828331232071
full	leave_out__metabolic_crosstalk	7890	ligand_receptor	0.19903524219989777
full	leave_out__metabolic_crosstalk	7890	sm_topology_axis	0.1992851048707962
full	leave_out__metabolic_crosstalk	7890	go_prior	0.20116174221038818
full	leave_out__metabolic_crosstalk	7890	msigdb_prior	0.20163503289222717
full	leave_out__sm_topology_axis	7890	generic_interaction	0.19728517532348633
full	leave_out__sm_topology_axis	7890	ligand_receptor	0.2010926455259323
full	leave_out__sm_topology_axis	7890	metabolic_crosstalk	0.19797354936599731
full	leave_out__sm_topology_axis	7890	go_prior	0.20299579203128815
full	leave_out__sm_topology_axis	7890	msigdb_prior	0.2006528526544571
full	leave_out__go_prior	7890	generic_interaction	0.19992071390151978
full	leave_out__go_prior	7890	ligand_receptor	0.19905252754688263
full	leave_out__go_prior	7890	metabolic_crosstalk	0.19864414632320404
full	leave_out__go_prior	7890	sm_topology_axis	0.2024856060743332
full	leave_out__go_prior	7890	msigdb_prior	0.19989703595638275
full	leave_out__msigdb_prior	7890	generic_interaction	0.19880567491054535
full	leave_out__msigdb_prior	7890	ligand_receptor	0.20149189233779907
full	leave_out__msigdb_prior	7890	metabolic_crosstalk	0.19845744967460632
full	leave_out__msigdb_prior	7890	sm_topology_axis	0.2015092819929123
full	leave_out__msigdb_prior	7890	go_prior	0.19973570108413696
full	merged_svd	8901	merged_svd	1.0
full	single__generic_interaction	8901	generic_interaction	1.0
full	single__ligand_receptor	8901	ligand_receptor	1.0
full	single__metabolic_crosstalk	8901	metabolic_crosstalk	1.0
full	single__sm_topology_axis	8901	sm_topology_axis	1.0
full	single__go_prior	8901	go_prior	1.0
full	single__msigdb_prior	8901	msigdb_prior	1.0
full	uniform_multiview	8901	generic_interaction	0.1666666716337204
full	uniform_multiview	8901	ligand_receptor	0.1666666716337204
full	uniform_multiview	8901	metabolic_crosstalk	0.1666666716337204
full	uniform_multiview	8901	sm_topology_axis	0.1666666716337204
full	uniform_multiview	8901	go_prior	0.1666666716337204
full	uniform_multiview	8901	msigdb_prior	0.1666666716337204
full	learned_multiview	8901	generic_interaction	0.17637871205806732
full	learned_multiview	8901	ligand_receptor	0.15217247605323792
full	learned_multiview	8901	metabolic_crosstalk	0.15537981688976288
full	learned_multiview	8901	sm_topology_axis	0.1668054610490799
full	learned_multiview	8901	go_prior	0.17684590816497803
full	learned_multiview	8901	msigdb_prior	0.17241758108139038
full	leave_out__generic_interaction	8901	ligand_receptor	0.18781059980392456
full	leave_out__generic_interaction	8901	metabolic_crosstalk	0.19215883314609528
full	leave_out__generic_interaction	8901	sm_topology_axis	0.2032351791858673
full	leave_out__generic_interaction	8901	go_prior	0.20747041702270508
full	leave_out__generic_interaction	8901	msigdb_prior	0.20932501554489136
full	leave_out__ligand_receptor	8901	generic_interaction	0.21109512448310852
full	leave_out__ligand_receptor	8901	metabolic_crosstalk	0.17839601635932922
full	leave_out__ligand_receptor	8901	sm_topology_axis	0.19826720654964447
full	leave_out__ligand_receptor	8901	go_prior	0.2074175477027893
full	leave_out__ligand_receptor	8901	msigdb_prior	0.2048240453004837
full	leave_out__metabolic_crosstalk	8901	generic_interaction	0.1999737024307251
full	leave_out__metabolic_crosstalk	8901	ligand_receptor	0.1842852234840393
full	leave_out__metabolic_crosstalk	8901	sm_topology_axis	0.20234553515911102
full	leave_out__metabolic_crosstalk	8901	go_prior	0.21004517376422882
full	leave_out__metabolic_crosstalk	8901	msigdb_prior	0.2033502757549286
full	leave_out__sm_topology_axis	8901	generic_interaction	0.21218591928482056
full	leave_out__sm_topology_axis	8901	ligand_receptor	0.18212813138961792
full	leave_out__sm_topology_axis	8901	metabolic_crosstalk	0.17895086109638214
full	leave_out__sm_topology_axis	8901	go_prior	0.21343861520290375
full	leave_out__sm_topology_axis	8901	msigdb_prior	0.21329645812511444
full	leave_out__go_prior	8901	generic_interaction	0.21093371510505676
full	leave_out__go_prior	8901	ligand_receptor	0.1785895973443985
full	leave_out__go_prior	8901	metabolic_crosstalk	0.18898607790470123
full	leave_out__go_prior	8901	sm_topology_axis	0.21008192002773285
full	leave_out__go_prior	8901	msigdb_prior	0.21140868961811066
full	leave_out__msigdb_prior	8901	generic_interaction	0.21768994629383087
full	leave_out__msigdb_prior	8901	ligand_receptor	0.17607106268405914
full	leave_out__msigdb_prior	8901	metabolic_crosstalk	0.1795474886894226
full	leave_out__msigdb_prior	8901	sm_topology_axis	0.20403921604156494
full	leave_out__msigdb_prior	8901	go_prior	0.22265227138996124
full	merged_svd	9012	merged_svd	1.0
full	single__generic_interaction	9012	generic_interaction	1.0
full	single__ligand_receptor	9012	ligand_receptor	1.0
full	single__metabolic_crosstalk	9012	metabolic_crosstalk	1.0
full	single__sm_topology_axis	9012	sm_topology_axis	1.0
full	single__go_prior	9012	go_prior	1.0
full	single__msigdb_prior	9012	msigdb_prior	1.0
full	uniform_multiview	9012	generic_interaction	0.1666666716337204
full	uniform_multiview	9012	ligand_receptor	0.1666666716337204
full	uniform_multiview	9012	metabolic_crosstalk	0.1666666716337204
full	uniform_multiview	9012	sm_topology_axis	0.1666666716337204
full	uniform_multiview	9012	go_prior	0.1666666716337204
full	uniform_multiview	9012	msigdb_prior	0.1666666716337204
full	learned_multiview	9012	generic_interaction	0.1637369990348816
full	learned_multiview	9012	ligand_receptor	0.16277536749839783
full	learned_multiview	9012	metabolic_crosstalk	0.16226525604724884
full	learned_multiview	9012	sm_topology_axis	0.17354582250118256
full	learned_multiview	9012	go_prior	0.17286600172519684
full	learned_multiview	9012	msigdb_prior	0.16481058299541473
full	leave_out__generic_interaction	9012	ligand_receptor	0.19362182915210724
full	leave_out__generic_interaction	9012	metabolic_crosstalk	0.19298575818538666
full	leave_out__generic_interaction	9012	sm_topology_axis	0.21090058982372284
full	leave_out__generic_interaction	9012	go_prior	0.20416757464408875
full	leave_out__generic_interaction	9012	msigdb_prior	0.1983242779970169
full	leave_out__ligand_receptor	9012	generic_interaction	0.19449491798877716
full	leave_out__ligand_receptor	9012	metabolic_crosstalk	0.19279131293296814
full	leave_out__ligand_receptor	9012	sm_topology_axis	0.20873823761940002
full	leave_out__ligand_receptor	9012	go_prior	0.20590940117835999
full	leave_out__ligand_receptor	9012	msigdb_prior	0.1980661153793335
full	leave_out__metabolic_crosstalk	9012	generic_interaction	0.1939219981431961
full	leave_out__metabolic_crosstalk	9012	ligand_receptor	0.19373458623886108
full	leave_out__metabolic_crosstalk	9012	sm_topology_axis	0.20554544031620026
full	leave_out__metabolic_crosstalk	9012	go_prior	0.20887011289596558
full	leave_out__metabolic_crosstalk	9012	msigdb_prior	0.1979278326034546
full	leave_out__sm_topology_axis	9012	generic_interaction	0.19636882841587067
full	leave_out__sm_topology_axis	9012	ligand_receptor	0.19942663609981537
full	leave_out__sm_topology_axis	9012	metabolic_crosstalk	0.19446390867233276
full	leave_out__sm_topology_axis	9012	go_prior	0.2094462364912033
full	leave_out__sm_topology_axis	9012	msigdb_prior	0.2002943754196167
full	leave_out__go_prior	9012	generic_interaction	0.19898667931556702
full	leave_out__go_prior	9012	ligand_receptor	0.1936374306678772
full	leave_out__go_prior	9012	metabolic_crosstalk	0.1972133070230484
full	leave_out__go_prior	9012	sm_topology_axis	0.21433530747890472
full	leave_out__go_prior	9012	msigdb_prior	0.19582724571228027
full	leave_out__msigdb_prior	9012	generic_interaction	0.19502204656600952
full	leave_out__msigdb_prior	9012	ligand_receptor	0.1959056854248047
full	leave_out__msigdb_prior	9012	metabolic_crosstalk	0.1937476247549057
full	leave_out__msigdb_prior	9012	sm_topology_axis	0.20882375538349152
full	leave_out__msigdb_prior	9012	go_prior	0.20650088787078857
full	merged_svd	1357	merged_svd	1.0
full	single__generic_interaction	1357	generic_interaction	1.0
full	single__ligand_receptor	1357	ligand_receptor	1.0
full	single__metabolic_crosstalk	1357	metabolic_crosstalk	1.0
full	single__sm_topology_axis	1357	sm_topology_axis	1.0
full	single__go_prior	1357	go_prior	1.0
full	single__msigdb_prior	1357	msigdb_prior	1.0
full	uniform_multiview	1357	generic_interaction	0.1666666716337204
full	uniform_multiview	1357	ligand_receptor	0.1666666716337204
full	uniform_multiview	1357	metabolic_crosstalk	0.1666666716337204
full	uniform_multiview	1357	sm_topology_axis	0.1666666716337204
full	uniform_multiview	1357	go_prior	0.1666666716337204
full	uniform_multiview	1357	msigdb_prior	0.1666666716337204
full	learned_multiview	1357	generic_interaction	0.16551503539085388
full	learned_multiview	1357	ligand_receptor	0.1632489562034607
full	learned_multiview	1357	metabolic_crosstalk	0.1664278507232666
full	learned_multiview	1357	sm_topology_axis	0.1695062518119812
full	learned_multiview	1357	go_prior	0.1662510335445404
full	learned_multiview	1357	msigdb_prior	0.16905085742473602
full	leave_out__generic_interaction	1357	ligand_receptor	0.19768445193767548
full	leave_out__generic_interaction	1357	metabolic_crosstalk	0.19903352856636047
full	leave_out__generic_interaction	1357	sm_topology_axis	0.20241127908229828
full	leave_out__generic_interaction	1357	go_prior	0.19683171808719635
full	leave_out__generic_interaction	1357	msigdb_prior	0.20403899252414703
full	leave_out__ligand_receptor	1357	generic_interaction	0.19665376842021942
full	leave_out__ligand_receptor	1357	metabolic_crosstalk	0.19483418762683868
full	leave_out__ligand_receptor	1357	sm_topology_axis	0.20366543531417847
full	leave_out__ligand_receptor	1357	go_prior	0.19967086613178253
full	leave_out__ligand_receptor	1357	msigdb_prior	0.2051757276058197
full	leave_out__metabolic_crosstalk	1357	generic_interaction	0.19692514836788177
full	leave_out__metabolic_crosstalk	1357	ligand_receptor	0.19637051224708557
full	leave_out__metabolic_crosstalk	1357	sm_topology_axis	0.20153255760669708
full	leave_out__metabolic_crosstalk	1357	go_prior	0.2009722888469696
full	leave_out__metabolic_crosstalk	1357	msigdb_prior	0.20419955253601074
full	leave_out__sm_topology_axis	1357	generic_interaction	0.1996244341135025
full	leave_out__sm_topology_axis	1357	ligand_receptor	0.19635070860385895
full	leave_out__sm_topology_axis	1357	metabolic_crosstalk	0.19233188033103943
full	leave_out__sm_topology_axis	1357	go_prior	0.20507583022117615
full	leave_out__sm_topology_axis	1357	msigdb_prior	0.2066171020269394
full	leave_out__go_prior	1357	generic_interaction	0.19662979245185852
full	leave_out__go_prior	1357	ligand_receptor	0.19693922996520996
full	leave_out__go_prior	1357	metabolic_crosstalk	0.19978995621204376
full	leave_out__go_prior	1357	sm_topology_axis	0.20356985926628113
full	leave_out__go_prior	1357	msigdb_prior	0.2030712366104126
full	leave_out__msigdb_prior	1357	generic_interaction	0.20045384764671326
full	leave_out__msigdb_prior	1357	ligand_receptor	0.19567693769931793
full	leave_out__msigdb_prior	1357	metabolic_crosstalk	0.19722381234169006
full	leave_out__msigdb_prior	1357	sm_topology_axis	0.20661231875419617
full	leave_out__msigdb_prior	1357	go_prior	0.20003312826156616
